is_genuine,diagonal,height_left,height_right,margin_up,length,margin_low
1,171.81,104.86,104.95,2.89,112.83,4.52
1,171.46,103.36,103.66,2.99,113.09,3.77
1,172.69,104.48,103.5,2.94,113.16,4.4
1,171.36,103.91,103.94,3.01,113.51,3.62
1,171.73,104.28,103.46,3.48,112.54,4.04
1,172.17,103.74,104.08,2.95,112.81,4.42
1,172.34,104.18,103.85,3.26,112.81,4.58
1,171.88,103.76,104.08,2.92,113.08,3.98
1,172.47,103.92,103.67,3.25,112.85,4.0
1,172.47,104.07,104.02,3.25,113.45,4.04
1,171.83,104.14,103.62,3.18,113.22,3.16
1,171.84,104.59,104.0,3.27,113.08,3.88
1,171.89,103.89,103.4,2.96,113.24,4.11
1,172.2,104.35,103.67,3.38,113.65,4.44
1,172.06,103.87,103.83,2.92,113.19,4.09
1,171.73,103.92,103.74,2.78,112.98,4.43
1,171.3,104.19,103.7,2.82,112.87,4.12
1,171.88,104.47,103.45,3.33,113.01,4.56
1,172.47,103.89,104.14,3.28,113.47,3.74
1,171.9,103.67,103.15,3.15,113.12,4.55
1,171.87,103.91,103.96,2.97,113.59,3.74
1,171.82,103.65,103.64,2.8,112.57,4.25
1,172.1,103.96,103.71,2.89,112.68,3.93
1,172.56,103.85,103.62,3.13,113.37,3.32
1,172.22,103.75,103.89,3.19,113.34,4.18
1,172.09,103.63,103.33,2.88,113.46,4.32
1,171.83,103.44,103.7,3.1,113.47,4.15
1,171.88,103.92,103.74,3.17,113.76,4.02
1,172.02,104.18,104.16,3.23,113.64,3.97
1,171.58,103.59,103.79,2.92,113.56,4.1
1,171.71,103.95,103.97,2.83,113.55,4.0
1,171.98,104.33,103.61,3.14,113.41,3.68
1,171.99,103.79,103.9,2.9,112.92,4.62
1,171.85,104.1,103.88,2.93,112.93,4.13
1,172.29,103.61,104.44,2.69,113.48,4.54
1,172.01,103.81,103.65,3.03,113.26,4.36
1,171.8,104.28,104.06,3.29,113.93,4.47
1,171.73,104.1,104.19,3.19,112.79,3.39
1,172.0,103.76,104.27,3.29,112.67,4.42
1,172.28,104.11,104.19,3.08,113.51,3.93
1,172.44,103.96,104.55,2.86,113.16,3.73
1,172.08,104.19,103.82,3.21,113.2,3.99
1,172.1,103.73,103.33,3.02,113.5,3.72
1,172.4,103.41,103.85,3.15,113.45,4.01
1,171.79,103.83,103.76,3.18,112.9,3.99
1,171.42,104.65,103.63,3.05,113.08,3.99
1,171.47,103.74,104.42,2.92,113.53,4.19
1,172.13,104.15,103.93,2.87,113.31,3.97
1,172.07,104.05,103.82,3.61,113.05,3.71
1,171.82,103.82,103.61,2.9,113.02,4.42
1,171.95,104.02,103.82,3.0,113.28,4.28
1,172.03,103.59,104.09,2.85,113.44,4.49
1,171.64,104.18,103.78,3.74,113.94,3.49
1,171.71,103.99,103.47,3.04,113.07,4.49
1,172.02,103.58,103.8,3.46,112.4,3.95
1,171.56,103.42,103.64,3.04,113.3,3.77
1,171.25,104.23,103.93,2.68,113.5,4.36
1,171.66,103.75,104.07,2.98,113.47,4.01
1,171.88,104.12,103.86,3.41,113.5,4.07
1,171.88,103.91,103.88,3.16,113.24,4.05
1,172.24,104.03,103.86,3.01,113.03,3.71
1,171.9,103.46,104.22,3.0,113.08,3.99
1,171.42,103.82,103.84,2.96,113.16,4.01
1,171.98,103.92,103.57,2.75,113.13,4.14
1,171.79,103.91,103.94,2.96,113.39,3.44
1,172.08,104.49,103.96,3.14,113.42,4.38
1,172.41,104.1,104.27,3.31,112.68,3.8
1,172.33,103.97,103.66,3.07,112.97,3.97
1,171.6,103.55,103.74,2.86,112.82,3.79
1,171.98,104.16,103.76,2.94,113.08,4.08
1,171.81,103.84,103.66,2.93,112.97,4.35
1,171.84,103.59,103.98,3.05,113.09,4.09
1,171.35,103.58,103.59,2.85,114.09,4.08
1,172.49,103.69,103.79,2.77,113.09,3.81
1,172.26,103.85,103.7,3.2,112.35,4.16
1,171.65,103.3,103.55,3.37,112.87,4.14
1,171.84,104.09,103.03,2.77,113.18,4.11
1,171.71,103.43,103.61,2.97,112.95,4.11
1,171.58,103.71,103.57,3.14,113.65,4.49
1,171.89,103.42,103.35,3.02,113.2,4.92
1,171.85,103.87,103.27,2.95,113.09,4.09
1,172.08,103.93,103.85,3.26,113.65,4.3
1,172.52,104.32,103.86,3.14,113.36,3.7
1,171.85,103.91,103.91,3.21,113.09,4.5
1,171.98,104.32,103.71,3.06,113.46,4.25
1,172.01,104.58,103.89,2.87,113.28,3.96
1,171.7,103.75,103.4,3.28,113.57,4.47
1,171.93,103.65,103.56,2.77,112.95,4.12
1,171.94,103.49,103.82,3.19,113.05,4.24
1,171.81,103.76,103.61,3.08,112.74,4.31
1,172.08,104.01,104.5,2.97,113.05,4.3
1,171.81,104.14,103.35,3.03,112.83,4.03
1,172.05,103.75,103.98,3.12,113.27,4.1
1,172.34,104.26,103.76,3.17,113.28,4.01
1,172.0,103.83,103.82,3.32,113.0,4.64
1,171.57,104.61,103.91,3.16,113.42,4.49
1,171.86,103.6,103.99,3.15,113.56,3.65
1,171.54,103.75,103.62,2.85,113.44,4.59
1,171.53,104.02,103.87,3.03,113.32,4.1
1,171.55,103.35,103.69,3.19,113.42,4.31
1,172.05,103.69,103.89,3.15,112.67,4.42
1,172.0,104.14,103.98,3.12,113.5,3.87
1,171.96,103.95,103.81,3.09,113.27,4.23
1,171.85,103.66,103.9,2.98,112.91,4.16
1,172.27,103.95,103.75,3.19,114.04,3.94
1,172.69,103.88,104.06,3.2,113.22,4.27
1,171.91,104.23,104.14,3.11,113.42,3.59
1,171.65,103.77,103.95,3.16,113.26,4.18
1,172.07,103.72,103.44,2.9,113.55,4.03
1,172.03,103.96,103.58,2.85,113.02,4.06
1,171.8,104.22,103.74,3.08,113.53,3.66
1,171.82,104.23,104.05,3.2,112.89,4.21
1,172.24,103.97,103.69,2.98,113.26,4.32
1,171.88,103.61,103.46,2.99,112.94,3.52
1,172.23,104.18,103.71,3.32,113.48,3.93
1,172.11,104.36,104.01,3.17,112.59,4.14
1,171.92,103.6,103.36,2.93,113.51,4.23
1,171.89,103.66,103.28,3.03,112.74,3.79
1,171.92,103.78,103.61,3.31,112.91,4.02
1,172.23,104.12,103.75,3.02,113.02,3.91
1,171.81,103.22,103.92,3.06,113.32,3.99
1,171.62,104.24,103.85,2.9,112.87,4.08
1,171.89,103.63,104.12,3.06,113.38,4.37
1,171.5,104.03,103.97,3.54,113.24,3.26
1,172.22,104.07,103.98,2.83,112.92,4.01
1,171.93,103.98,104.07,2.96,113.02,4.41
1,171.96,104.34,103.85,3.28,113.73,3.95
1,172.0,104.05,103.67,3.18,113.4,4.02
1,171.66,103.43,103.54,3.51,113.2,4.38
1,171.27,104.14,103.78,2.69,112.81,3.91
1,171.84,103.77,103.98,2.99,113.59,4.61
1,171.54,104.36,103.28,3.21,113.43,3.99
1,172.27,104.12,103.96,2.74,113.12,4.12
1,171.87,104.71,103.85,2.71,113.71,4.36
1,172.06,104.19,103.59,3.22,113.69,4.39
1,171.6,104.02,103.9,3.15,113.15,4.2
1,172.43,104.05,104.02,2.93,113.6,4.09
1,172.46,103.81,103.52,3.16,112.6,4.05
1,172.47,103.82,103.59,2.77,113.17,3.85
1,171.52,104.11,104.23,3.08,113.33,4.73
1,172.18,104.46,103.8,2.84,113.58,4.31
1,172.04,103.82,103.79,3.2,114.13,4.07
1,171.8,104.31,103.78,3.12,112.78,3.79
1,171.65,103.59,103.83,3.12,113.04,3.97
1,172.38,103.72,103.88,3.05,113.19,4.36
1,172.35,103.72,103.67,3.07,112.87,4.2
1,172.46,103.99,104.04,2.68,112.93,4.14
1,171.91,103.97,103.6,3.03,114.04,4.66
1,171.72,103.91,104.57,2.79,113.44,4.08
1,171.97,104.29,104.04,2.97,113.81,4.46
1,171.96,104.16,103.67,3.23,112.97,3.98
1,172.08,103.95,103.7,2.97,113.52,3.76
1,171.75,104.03,103.85,2.96,113.22,4.36
1,171.57,103.98,103.4,2.74,113.7,4.05
1,171.88,104.04,104.08,3.01,113.6,3.8
1,172.05,103.88,103.76,3.15,113.94,4.2
1,172.15,103.74,103.92,3.35,113.19,4.64
1,172.26,104.46,103.6,3.31,113.0,4.18
1,172.31,103.89,103.78,3.06,113.34,4.49
1,172.09,104.05,104.26,2.95,113.68,4.1
1,171.9,103.4,103.45,3.33,112.97,4.09
1,172.38,103.98,104.4,2.8,112.9,3.81
1,171.81,103.53,103.76,2.87,113.52,3.91
1,172.31,104.05,103.51,2.86,113.18,4.43
1,172.2,104.06,103.97,3.17,112.47,4.16
1,172.21,103.32,103.99,3.04,113.46,4.11
1,171.28,104.2,103.89,3.06,112.56,4.29
1,171.62,104.41,103.71,3.21,114.03,4.13
1,172.4,103.51,103.52,3.16,113.35,3.68
1,172.26,104.09,103.56,2.99,113.1,3.53
1,172.58,104.03,103.9,2.92,113.57,3.79
1,171.55,104.4,103.17,2.83,113.3,4.54
1,172.13,104.26,103.88,3.0,113.11,3.97
1,171.75,103.63,102.97,2.77,113.22,4.46
1,172.09,104.19,103.5,3.04,112.94,4.16
1,171.79,104.57,104.04,3.15,113.46,4.26
1,171.66,104.16,103.94,3.04,113.09,4.05
1,171.8,104.17,103.74,2.92,113.04,4.03
1,172.37,103.31,103.5,3.13,112.43,3.79
1,171.94,104.44,104.13,3.02,113.49,3.32
1,171.94,103.97,103.84,3.05,112.88,3.95
1,171.84,103.71,103.9,2.82,112.68,4.61
1,172.4,104.13,103.84,3.09,113.29,4.25
1,172.21,103.48,104.04,3.0,113.15,4.4
1,172.74,104.05,104.17,3.38,113.12,3.68
1,172.1,104.05,103.84,3.17,113.44,3.76
1,172.18,104.02,103.54,3.49,113.64,4.17
1,171.95,103.73,103.77,3.02,113.6,4.09
1,171.86,104.7,103.62,3.34,112.89,4.01
1,171.78,103.74,103.55,2.87,113.41,3.86
1,172.35,103.73,102.95,3.37,112.49,4.49
1,171.94,104.34,103.99,2.87,113.14,4.27
1,172.22,103.59,103.81,3.34,113.23,3.47
1,171.99,103.98,103.73,3.2,113.05,4.34
1,171.9,104.14,103.75,2.97,113.0,4.56
1,171.9,104.42,104.02,3.1,112.87,4.38
1,171.97,104.01,103.41,2.96,112.85,3.8
1,171.71,104.27,104.19,3.15,112.71,3.56
1,172.11,103.98,104.02,3.24,112.96,4.17
1,172.33,104.18,104.04,2.99,114.08,4.29
1,171.88,103.83,103.31,3.07,113.83,4.36
1,172.16,104.04,104.02,3.08,113.02,4.06
1,172.18,103.68,103.14,3.18,113.93,4.16
1,172.3,104.34,103.93,3.33,113.08,3.98
1,171.59,103.8,104.08,3.17,113.04,4.18
1,172.23,103.25,103.97,3.38,113.9,4.01
1,172.12,103.76,103.66,2.95,113.4,4.27
1,171.78,103.52,103.69,2.85,113.59,4.31
1,171.59,104.06,103.85,3.29,113.49,4.41
1,172.26,103.75,103.87,3.1,113.08,3.95
1,172.1,103.61,103.79,3.14,112.89,4.86
1,172.05,104.08,103.66,3.24,113.23,4.49
1,171.74,104.43,103.09,3.15,113.19,4.23
1,172.37,104.32,103.52,3.11,112.84,3.96
1,172.19,104.07,103.71,2.82,112.71,4.0
1,172.11,103.33,103.8,2.91,113.17,4.55
1,171.26,103.59,103.8,3.25,113.03,4.11
1,172.04,103.67,103.6,3.14,112.99,4.09
1,171.79,103.88,103.7,3.12,113.42,4.1
1,171.97,104.05,103.82,2.88,112.67,4.09
1,172.12,103.2,103.92,3.26,113.44,4.46
1,171.29,104.22,104.16,3.14,113.3,4.37
1,171.84,103.81,103.83,2.86,113.14,4.33
1,171.69,103.8,104.1,2.69,113.52,4.32
1,172.5,104.54,103.78,3.1,112.82,3.99
1,172.28,103.63,103.97,2.94,112.9,3.79
1,172.32,103.22,104.0,3.08,112.87,4.01
1,172.76,104.22,104.0,3.27,113.69,4.2
1,171.34,104.26,104.06,3.2,113.91,3.77
1,172.26,104.16,103.2,3.35,113.23,4.55
1,171.97,103.55,104.2,3.12,113.2,4.21
1,171.77,103.62,103.32,3.17,113.45,3.9
1,171.85,104.1,104.16,3.06,113.19,4.18
1,172.19,103.96,104.03,3.2,112.71,3.95
1,172.23,104.21,103.97,2.9,113.4,3.74
1,171.85,104.07,103.9,3.46,113.73,4.8
1,171.86,103.6,104.09,2.8,113.18,3.9
1,171.74,103.95,103.78,3.29,113.04,4.74
1,172.17,103.61,104.33,2.82,112.79,3.39
1,171.57,104.09,103.58,3.23,112.98,3.99
1,171.99,103.7,103.59,3.12,112.85,4.37
1,171.94,103.91,103.99,2.94,113.06,4.02
1,172.45,103.97,104.32,3.23,113.45,4.15
1,172.12,104.03,104.02,2.83,113.03,4.38
1,171.67,103.74,103.7,2.87,113.29,4.01
1,172.38,103.45,104.11,3.01,113.19,4.72
1,171.68,104.27,104.07,3.34,113.57,4.08
1,172.07,104.33,104.33,3.39,113.39,4.41
1,172.17,104.21,103.87,2.98,113.66,4.35
1,171.82,103.49,103.47,3.11,113.41,4.79
1,171.85,103.65,103.55,3.31,112.89,4.48
1,172.19,104.03,104.25,2.81,112.94,4.17
1,171.71,103.53,103.78,3.03,113.51,3.89
1,172.35,103.62,103.78,2.86,113.28,4.38
1,172.27,103.71,103.64,2.67,113.63,4.64
1,171.99,103.75,103.53,2.81,112.52,3.79
1,171.91,103.97,103.81,3.03,112.64,3.96
1,172.06,103.92,103.42,3.0,113.41,4.28
1,171.75,104.12,104.1,3.24,113.3,3.85
1,172.15,104.02,103.94,2.87,112.38,3.96
1,171.95,103.94,103.8,3.41,113.38,4.1
1,171.48,103.27,103.42,3.04,113.56,3.84
1,171.47,104.3,104.01,2.68,113.07,4.32
1,171.88,103.93,103.72,3.26,113.11,4.88
1,172.11,103.98,104.33,2.91,112.72,4.3
1,172.06,104.21,103.88,3.22,113.7,4.63
1,171.6,104.22,104.11,3.29,113.4,4.25
1,172.19,104.05,103.54,3.24,112.84,3.8
1,171.52,103.74,104.1,2.87,113.58,4.47
1,171.81,104.17,103.72,3.05,112.49,4.17
1,171.62,104.11,103.71,3.14,113.14,4.33
1,172.08,104.16,104.17,3.29,112.71,3.54
1,171.86,104.15,103.5,2.92,113.87,4.31
1,172.29,103.73,103.55,3.23,113.9,3.84
1,171.85,103.64,103.63,3.29,112.95,3.73
1,171.99,103.9,104.21,3.07,113.01,4.18
1,172.02,104.54,103.74,2.94,113.51,3.96
1,172.47,103.57,103.89,3.2,112.93,4.6
1,172.27,103.78,103.86,2.86,112.73,4.25
1,172.04,103.99,104.12,3.02,113.16,4.2
1,171.92,104.12,104.15,2.88,112.65,3.83
1,172.21,104.22,103.57,3.17,112.43,3.57
1,172.08,104.4,103.94,2.97,113.08,4.22
1,171.85,103.93,103.81,3.12,112.82,4.36
1,171.77,103.79,104.11,3.18,113.33,3.92
1,172.09,103.14,103.81,3.01,113.69,4.88
1,172.5,103.81,103.83,3.01,113.18,4.19
1,171.52,103.97,103.81,3.07,112.74,4.08
1,172.34,104.54,103.56,3.42,112.93,4.04
1,171.87,103.99,104.03,2.89,112.72,4.42
1,172.12,103.9,104.32,3.03,113.56,3.83
1,172.43,103.83,104.13,2.81,113.27,3.72
1,171.68,103.77,103.82,2.86,113.6,4.24
1,171.54,104.27,104.01,3.05,113.09,4.63
1,171.46,103.83,103.95,3.15,113.59,4.21
1,171.65,103.22,104.11,3.04,113.4,3.51
1,172.02,103.45,103.79,3.0,113.12,3.91
1,172.3,103.88,103.85,3.09,113.1,4.22
1,171.83,104.65,103.66,2.95,113.28,3.83
1,172.1,103.93,103.43,3.13,113.38,3.96
1,172.24,104.22,103.67,3.33,113.13,4.3
1,171.87,103.99,104.02,3.02,113.0,4.23
1,172.25,104.14,103.76,2.81,112.72,3.84
1,172.47,103.87,104.16,3.18,112.98,4.63
1,172.58,103.99,103.63,3.07,112.79,4.43
1,172.07,104.09,103.7,3.0,113.19,4.11
1,172.32,103.99,104.01,2.95,113.08,4.22
1,172.1,104.16,104.18,3.08,112.65,4.03
1,171.99,103.6,103.43,2.96,113.09,4.57
1,171.91,103.99,103.81,2.88,113.02,4.0
1,171.51,104.34,103.49,3.03,113.42,4.29
1,172.22,103.51,103.99,3.06,112.86,3.67
1,172.05,104.11,104.14,2.73,113.3,4.73
1,172.07,104.35,104.43,3.02,112.76,4.1
1,171.74,103.74,103.78,3.14,113.02,4.43
1,171.75,104.13,103.91,2.97,113.33,4.24
1,171.91,103.83,103.68,2.86,113.41,4.05
1,172.1,104.42,103.6,2.89,113.32,4.18
1,171.96,104.17,103.35,3.31,113.67,4.35
1,171.42,103.47,103.82,3.05,112.7,4.35
1,171.85,103.86,104.08,3.36,113.01,4.23
1,172.05,103.79,104.17,3.12,112.77,4.08
1,172.0,103.85,104.04,3.45,113.73,3.75
1,171.99,104.12,104.18,2.75,113.18,4.41
1,172.4,104.17,104.09,3.02,113.16,4.46
1,171.95,103.44,103.8,3.19,112.43,4.08
1,171.53,104.56,103.9,3.08,113.15,3.99
1,172.33,103.81,103.67,2.87,113.2,4.58
1,171.8,103.96,103.87,2.65,112.68,3.97
1,171.59,103.8,103.95,2.89,113.27,4.09
1,171.69,104.3,103.94,2.96,113.43,4.27
1,172.26,103.88,104.15,2.98,113.24,4.3
1,172.52,103.9,104.03,2.98,113.3,3.97
1,171.9,104.21,104.21,3.38,113.2,4.77
1,171.78,103.94,103.84,2.97,113.13,3.55
1,171.7,103.77,103.88,2.96,112.91,4.1
1,172.53,103.97,103.28,3.41,113.25,4.61
1,171.54,103.93,103.49,3.34,113.13,4.08
1,172.32,103.38,103.74,2.77,112.98,4.43
1,172.46,103.78,103.54,3.2,113.05,3.89
1,171.87,103.77,104.23,3.08,112.44,4.1
1,172.08,104.17,103.48,2.87,113.52,4.62
1,171.93,104.4,103.4,3.15,113.48,3.87
1,172.06,103.82,103.73,2.6,112.64,4.18
1,171.81,103.64,104.15,2.81,113.29,4.17
1,172.21,103.8,103.23,2.98,112.95,3.7
1,171.96,104.18,104.14,2.7,113.56,3.35
1,172.3,103.82,104.09,3.22,113.23,4.18
1,171.93,103.58,104.02,2.86,113.47,4.14
1,172.33,103.64,104.15,2.93,112.43,4.39
1,172.04,103.95,104.09,2.61,112.94,4.48
1,171.36,103.59,103.68,3.32,113.23,4.44
1,171.61,103.73,104.01,2.93,112.76,4.29
1,172.19,104.09,103.82,3.04,113.13,3.82
1,171.62,103.4,104.05,2.96,112.72,3.53
1,172.4,104.32,103.6,2.92,113.4,4.13
1,172.29,103.83,103.25,2.99,113.13,3.62
1,171.57,103.92,104.03,3.14,113.45,4.59
1,171.72,104.15,103.75,2.99,113.24,4.1
1,171.73,104.17,104.02,2.64,112.72,3.64
1,171.65,103.58,104.21,3.3,113.42,3.91
1,172.46,103.64,103.53,3.4,113.75,4.41
1,172.1,103.99,104.02,3.21,113.12,4.19
1,171.91,104.05,103.97,3.12,113.62,3.88
1,171.43,103.49,103.99,2.94,113.07,4.07
1,171.65,104.29,103.81,3.05,113.58,4.26
1,172.07,104.49,103.52,3.0,113.06,4.24
1,171.54,104.64,103.06,3.09,112.82,3.54
1,171.74,104.53,103.38,3.0,112.85,4.39
1,171.94,104.34,103.71,3.17,112.68,3.67
1,172.06,104.24,103.66,3.1,113.02,4.24
1,172.15,103.63,103.93,3.04,113.36,4.33
1,171.95,104.08,103.91,2.91,113.26,4.16
1,171.75,103.95,103.36,3.25,113.08,4.57
1,172.28,104.62,103.8,3.08,113.26,4.08
1,171.71,104.22,103.72,3.29,113.51,4.35
1,171.65,103.5,103.24,2.56,112.98,3.82
1,171.49,104.02,103.9,3.11,112.93,4.37
1,172.16,103.56,103.64,3.01,113.38,4.24
1,172.37,104.19,104.58,2.82,112.88,4.25
1,172.42,104.07,103.73,3.11,113.27,4.23
1,172.21,104.0,103.86,2.82,113.74,4.05
1,171.66,103.65,103.44,2.99,112.89,3.26
1,171.55,103.68,104.27,2.84,112.95,4.08
1,171.79,103.87,103.95,3.01,112.45,4.54
1,171.96,104.19,104.14,3.04,113.48,4.3
1,171.67,104.57,103.43,3.25,112.76,3.57
1,171.82,104.33,103.83,2.73,112.99,3.92
1,172.47,103.66,103.92,3.08,113.45,3.59
1,172.15,104.18,103.53,3.3,113.42,3.92
1,171.87,104.29,103.53,2.89,112.91,3.91
1,171.52,104.08,104.06,3.36,113.32,4.41
1,171.63,104.3,103.75,3.22,113.5,3.62
1,172.45,104.72,104.17,2.83,113.75,4.18
1,172.3,104.23,104.03,3.06,113.23,4.12
1,171.95,104.03,103.68,2.75,113.62,4.11
1,172.19,103.68,103.93,2.92,113.3,4.36
1,172.4,104.26,103.83,3.01,112.82,4.31
1,171.82,103.72,104.18,2.8,113.39,4.22
1,172.5,103.39,103.99,3.06,113.48,4.45
1,172.18,103.56,104.39,3.06,113.46,3.75
1,172.06,103.96,103.72,3.15,113.17,4.18
1,172.27,104.06,103.71,3.21,113.48,3.74
1,172.44,103.96,103.86,3.09,112.81,4.02
1,172.3,104.12,103.89,2.93,113.68,3.55
1,172.0,103.68,104.1,3.15,112.86,3.84
1,172.44,104.11,104.25,3.18,113.41,4.53
1,172.73,104.02,104.18,3.2,113.52,3.74
1,172.02,104.23,103.97,2.93,113.79,4.3
1,171.56,103.97,103.96,3.32,113.43,4.12
1,171.89,103.99,103.45,3.1,113.0,4.12
1,171.19,103.95,103.73,2.94,113.25,3.96
1,171.53,103.53,103.63,2.96,112.76,4.04
1,171.7,104.32,104.07,2.67,112.73,4.21
1,171.7,103.74,103.89,2.8,112.59,4.43
1,171.91,103.97,103.98,3.01,112.98,4.23
1,171.91,103.99,103.5,2.92,113.02,3.41
1,171.82,103.64,104.21,3.0,112.97,4.08
1,171.86,103.77,103.93,3.17,113.35,4.83
1,172.09,103.78,104.22,3.18,113.3,4.16
1,172.12,104.08,103.93,3.18,113.38,4.72
1,172.14,103.8,103.56,3.12,113.38,3.94
1,171.47,104.46,104.3,3.06,113.59,4.12
1,171.71,103.71,103.36,3.17,113.07,4.1
1,172.04,103.82,103.99,3.14,113.23,3.88
1,171.55,103.92,103.77,3.25,113.19,4.12
1,171.88,104.58,104.31,2.82,113.71,4.88
1,171.65,103.88,103.59,3.05,113.28,3.94
1,172.07,104.07,103.67,3.17,113.91,3.82
1,171.99,103.74,103.46,2.76,113.33,4.0
1,172.45,103.87,104.4,3.05,113.62,3.75
1,171.93,103.88,104.35,3.29,112.7,4.26
1,172.03,103.73,104.19,2.87,112.49,3.75
1,171.61,103.93,103.41,2.95,113.19,4.45
1,172.23,103.94,103.46,3.15,113.77,3.95
1,172.51,104.53,103.5,3.07,113.21,4.51
1,171.59,103.86,104.33,2.84,114.0,4.12
1,172.01,103.93,103.69,3.34,113.16,3.89
1,171.92,103.91,103.93,2.91,112.4,4.34
1,172.01,104.11,103.13,2.96,113.45,4.53
1,172.17,103.79,103.54,2.78,113.03,4.07
1,171.68,103.48,103.47,3.11,112.46,3.32
1,172.54,104.05,103.78,2.93,114.14,4.34
1,172.3,104.21,104.46,3.12,113.28,3.69
1,171.7,103.57,104.2,2.81,112.71,4.22
1,172.25,104.22,103.62,3.15,112.74,3.96
1,171.75,103.48,103.94,2.97,113.28,3.76
1,172.0,104.07,103.55,3.3,114.03,3.86
1,171.64,104.45,103.97,3.23,113.67,4.16
1,172.16,103.69,103.71,3.12,113.04,3.68
1,172.01,103.95,103.77,3.1,113.19,4.16
1,171.48,103.95,103.93,2.91,113.21,4.52
1,172.19,104.14,103.59,3.08,113.81,4.11
1,172.16,103.87,103.34,2.91,113.47,4.32
1,171.55,103.5,104.51,2.95,113.31,4.61
1,171.98,103.77,103.91,3.05,113.38,4.75
1,171.8,104.06,103.57,3.14,112.98,4.06
1,171.83,103.97,104.0,3.13,113.83,3.72
1,172.36,104.34,103.7,3.08,112.96,4.22
1,171.73,104.02,103.92,3.19,112.87,4.1
1,172.58,104.17,103.13,3.17,113.05,4.64
1,171.97,104.04,104.24,2.84,113.54,4.23
1,172.26,104.08,103.86,3.01,113.44,3.93
1,172.29,103.78,103.76,3.05,113.2,4.7
1,172.02,104.36,103.64,2.82,113.38,4.12
1,171.41,104.47,104.08,3.18,113.14,3.87
1,171.95,104.25,103.64,2.81,113.42,3.24
1,171.71,104.49,103.54,3.2,113.43,3.77
1,171.87,103.86,103.27,3.14,113.32,4.14
1,171.97,103.62,103.64,2.65,113.7,4.47
1,172.35,104.2,103.75,2.96,113.05,3.7
1,172.14,103.91,103.65,3.23,113.54,4.19
1,172.1,104.02,103.88,3.1,113.39,3.95
1,171.83,104.29,103.58,3.32,113.21,4.0
1,171.95,104.39,103.59,2.81,113.65,4.69
1,171.75,103.89,103.81,2.92,113.48,3.64
1,172.19,104.07,104.02,3.37,113.27,4.19
1,171.98,104.36,103.44,3.2,112.92,4.19
1,172.13,103.71,103.6,3.12,113.8,3.59
1,172.6,104.83,103.56,2.94,113.38,4.1
1,172.33,104.46,103.79,2.94,113.39,4.08
1,172.55,103.97,104.04,3.34,113.36,4.25
1,172.08,104.19,104.03,2.99,113.5,4.11
1,171.81,103.93,103.43,2.95,113.46,4.61
1,172.21,103.67,104.0,3.2,113.54,4.12
1,172.45,103.95,103.5,3.08,113.23,4.1
1,171.76,104.01,103.68,2.75,112.81,4.07
1,172.04,104.34,103.55,3.02,113.64,3.52
1,171.95,104.11,103.87,2.81,113.52,4.2
1,171.87,103.73,103.69,3.1,112.96,4.06
1,171.7,103.79,103.98,3.03,113.94,4.44
1,172.46,103.51,103.85,3.14,113.38,4.23
1,171.68,103.95,103.6,2.93,113.22,3.98
1,171.82,104.27,103.55,3.2,113.28,4.21
1,171.97,104.05,104.11,2.99,113.66,4.15
1,171.82,104.12,103.95,3.01,113.47,4.18
1,171.4,103.96,103.85,2.81,113.45,4.15
1,171.87,103.87,104.27,2.94,112.95,4.44
1,172.44,103.69,104.16,3.14,112.98,3.73
1,171.95,104.09,103.73,3.07,113.49,4.34
1,171.77,104.19,103.69,2.85,112.89,4.17
1,171.43,104.42,103.41,3.13,113.26,4.06
1,172.21,103.25,103.78,3.0,113.25,4.48
1,171.91,104.34,103.73,2.95,113.69,3.71
1,171.53,103.69,103.51,3.08,112.71,3.97
1,171.36,104.15,103.76,3.31,112.76,3.44
1,172.13,103.76,103.33,3.48,113.34,4.37
1,172.12,103.66,104.22,3.04,112.97,3.81
1,171.89,104.3,103.57,2.75,112.92,3.98
1,172.02,104.42,102.91,3.12,113.43,3.86
1,172.13,103.57,103.8,3.16,113.75,4.4
1,172.09,103.61,103.9,3.26,112.88,4.58
1,171.97,103.61,103.6,3.17,112.96,4.89
1,171.88,103.61,103.9,3.0,112.97,4.4
1,171.92,103.79,103.34,2.8,113.0,3.84
1,172.32,103.69,103.6,3.29,112.74,4.24
1,172.16,104.17,103.27,3.11,113.08,4.1
1,171.9,103.94,103.38,2.87,113.28,3.67
1,172.22,104.0,103.98,3.41,112.94,3.99
1,171.73,103.77,103.95,3.08,112.75,4.25
1,172.33,103.73,103.8,2.86,113.58,3.77
1,171.76,104.04,103.88,3.21,113.15,4.18
1,171.68,104.18,103.89,3.33,113.21,4.4
1,172.38,103.64,103.81,3.14,114.07,4.46
1,171.61,103.86,104.06,3.1,112.64,4.31
1,171.9,104.5,103.49,2.82,113.5,4.08
1,171.87,103.75,103.55,2.82,113.38,3.86
1,171.96,103.68,103.84,3.07,112.74,4.46
1,171.49,103.63,103.83,3.26,113.1,3.85
1,171.64,103.95,103.45,3.11,113.21,3.98
1,172.3,103.98,103.72,3.01,112.97,4.28
1,172.25,104.08,103.59,3.01,113.46,4.52
1,171.99,103.75,104.14,2.82,112.83,4.19
1,171.73,103.76,103.91,3.17,113.09,4.28
1,172.37,104.41,103.75,2.8,113.41,3.71
1,172.05,103.75,103.47,2.98,112.89,4.19
1,171.89,104.22,104.18,2.89,113.53,4.11
1,171.79,104.37,103.37,3.18,113.61,4.31
1,171.56,103.44,104.09,2.97,113.59,4.41
1,171.86,103.93,103.8,2.86,113.97,4.27
1,171.51,104.49,103.4,3.12,112.76,3.85
1,171.61,103.76,103.89,3.17,112.81,4.02
1,172.07,104.18,104.1,2.7,113.99,4.47
1,171.83,104.54,103.91,3.05,113.55,4.11
1,171.24,103.81,103.74,3.29,113.53,4.69
1,171.81,103.79,103.94,3.08,112.62,4.14
1,172.12,103.59,103.77,3.21,113.32,3.74
1,172.09,104.02,103.79,3.28,112.98,3.8
1,172.25,103.71,103.97,3.0,113.38,3.93
1,172.45,103.78,103.79,2.87,112.34,3.9
1,171.87,103.99,104.11,3.15,113.35,3.66
1,172.0,104.1,104.36,2.92,113.0,3.83
1,172.23,104.0,103.35,2.95,113.12,4.43
1,172.15,103.51,103.76,3.13,112.94,4.26
1,172.13,104.08,103.64,2.82,112.85,3.93
1,172.05,104.11,104.07,2.78,112.93,3.6
1,171.93,104.08,103.78,2.85,113.61,4.03
1,171.57,104.07,103.85,3.44,113.4,3.82
1,171.95,103.76,103.99,2.78,113.2,3.25
1,171.83,103.8,104.22,2.76,113.25,4.66
1,172.28,104.09,104.2,2.83,113.48,3.66
1,172.35,104.13,103.58,3.19,113.42,4.75
1,171.99,104.1,103.57,3.42,113.64,3.64
1,172.03,103.63,104.0,3.37,113.77,3.7
1,172.01,103.62,103.26,2.86,113.16,4.91
1,172.53,103.8,103.82,3.28,113.54,4.64
1,172.03,104.19,104.01,3.04,113.15,3.99
1,171.76,104.48,104.01,3.37,113.09,4.35
1,172.51,103.57,104.27,3.33,113.47,3.72
1,172.13,103.99,104.22,2.91,113.39,3.61
1,171.68,103.84,103.98,3.01,113.45,3.52
1,171.98,104.18,103.96,2.84,113.01,4.41
1,171.97,104.04,103.82,3.38,113.05,4.04
1,171.89,104.33,103.97,3.17,113.12,3.95
1,171.74,103.72,103.52,2.77,113.09,3.94
1,171.92,103.67,104.24,3.09,113.23,4.11
1,172.04,104.16,104.05,3.28,112.78,4.0
1,171.85,103.58,104.17,3.07,113.59,4.32
1,171.67,103.81,103.76,3.3,112.18,4.59
1,171.99,103.54,103.44,3.08,113.04,3.8
1,172.29,104.46,104.42,2.9,113.38,3.97
1,171.65,103.43,103.83,3.1,113.53,4.36
1,171.96,103.83,103.87,2.71,113.52,3.52
1,172.24,104.51,103.9,2.88,112.58,4.06
1,171.95,103.85,104.28,3.22,113.24,4.13
1,171.67,103.88,103.94,2.93,112.84,4.2
1,172.31,103.93,103.32,2.85,113.23,4.73
1,172.2,103.82,103.74,3.03,113.69,4.22
1,171.74,103.25,104.07,2.95,113.07,3.8
1,171.68,103.88,104.14,2.96,113.71,4.0
1,172.08,104.03,103.42,2.77,113.27,3.79
1,172.45,103.85,103.89,3.03,113.24,4.03
1,172.37,104.26,103.87,3.12,112.82,4.47
1,171.52,104.52,103.96,3.01,113.44,3.43
1,171.91,104.17,103.62,2.89,112.73,4.01
1,172.34,104.5,103.66,3.08,112.68,4.19
1,172.53,103.47,103.99,2.71,112.74,3.84
1,171.8,103.71,103.67,3.18,112.76,4.48
1,171.95,103.35,103.76,3.29,113.07,3.85
1,172.45,104.52,103.72,3.34,113.06,4.12
1,172.4,103.86,103.88,2.97,113.49,3.87
1,171.95,103.77,103.81,3.09,113.24,4.13
1,172.51,104.23,103.85,2.91,112.81,4.74
1,172.36,103.89,103.67,3.07,113.75,4.34
1,172.22,103.75,103.55,3.05,113.48,3.93
1,172.26,104.06,103.99,2.84,113.14,4.03
1,171.87,103.4,103.82,2.94,113.02,4.06
1,171.99,103.69,103.51,3.02,113.04,3.9
1,171.56,104.32,104.33,2.97,113.04,3.92
1,171.85,104.33,104.03,3.19,112.46,4.23
1,172.09,103.98,103.39,2.95,112.79,4.1
1,172.05,103.42,104.1,2.99,112.67,4.45
1,171.98,104.44,104.08,3.21,112.73,4.67
1,172.0,104.23,103.74,2.76,112.96,4.41
1,171.44,103.52,103.49,3.12,113.23,4.09
1,172.01,104.03,103.67,3.18,112.61,3.9
1,172.49,104.33,104.03,3.07,112.71,4.28
1,172.75,104.33,103.97,3.14,113.12,4.34
1,171.66,104.17,104.16,2.94,113.52,4.75
1,172.4,104.19,103.98,2.93,113.44,4.08
1,172.2,103.93,103.49,2.99,113.63,3.8
1,172.21,104.27,104.01,2.79,113.78,4.23
1,171.13,104.28,103.14,2.92,113.0,4.16
1,171.51,103.85,103.36,2.8,113.87,4.49
1,171.81,104.1,103.69,2.95,112.72,4.29
1,171.88,103.66,103.52,2.75,113.25,4.66
1,171.91,104.34,103.77,2.95,112.66,4.45
1,171.79,103.51,103.25,3.08,112.71,4.05
1,171.85,103.9,103.74,3.07,113.15,4.13
1,172.07,103.83,103.71,2.99,113.11,4.44
1,171.81,103.91,103.78,3.28,113.59,3.66
1,171.73,103.82,103.85,3.12,112.85,3.97
1,171.59,103.23,103.64,2.94,113.59,4.01
1,171.71,103.83,103.51,3.02,113.01,3.8
1,172.22,104.48,104.06,2.91,112.82,4.59
1,171.59,104.06,103.99,3.24,112.8,3.93
1,172.32,104.16,104.14,3.25,113.38,3.78
1,171.62,103.49,103.58,3.0,113.1,3.95
1,172.14,103.74,103.52,2.83,113.43,4.56
1,172.53,103.99,103.55,3.1,113.03,4.5
1,172.09,104.06,103.9,3.32,113.09,3.97
1,172.07,103.97,103.84,3.12,113.18,4.05
1,171.82,103.77,103.79,2.77,113.79,4.36
1,172.19,104.05,103.81,3.22,113.52,3.9
1,171.84,103.75,103.38,2.7,113.72,4.08
1,172.14,104.01,104.0,3.16,113.37,3.64
1,171.69,104.22,104.62,3.25,113.4,4.11
1,171.83,103.76,103.76,2.88,113.84,4.4
1,171.8,103.78,103.65,3.12,113.63,3.73
1,172.05,103.7,103.75,2.27,113.55,5.04
1,172.57,104.65,104.44,2.99,113.16,4.54
1,172.38,103.55,103.8,2.9,113.3,3.97
1,171.58,103.65,103.37,3.19,113.38,3.54
1,171.96,103.51,103.75,3.33,113.53,4.06
1,172.14,104.34,104.2,3.02,112.47,4.63
1,172.27,104.29,104.22,3.53,113.5,3.89
1,172.07,103.64,103.67,3.2,113.83,3.86
1,172.19,104.61,103.69,3.26,112.91,4.0
1,171.82,103.78,103.76,3.25,113.36,3.81
1,172.04,103.94,103.76,3.24,113.41,3.81
1,171.69,103.9,104.13,2.92,113.52,4.07
1,172.05,103.9,103.76,2.71,113.42,4.52
1,172.15,103.65,103.66,3.5,113.24,3.6
1,171.75,104.16,104.0,3.03,113.55,4.19
1,172.03,103.87,103.4,3.01,113.09,4.29
1,172.49,104.44,103.98,3.07,113.16,4.08
1,172.24,104.51,103.97,3.22,113.21,4.18
1,172.59,104.22,104.01,2.95,113.19,4.47
1,172.13,103.76,103.85,3.24,112.92,3.65
1,172.21,104.28,104.37,3.3,113.92,4.06
1,172.41,104.14,104.06,2.94,113.98,4.45
1,172.02,104.23,104.26,2.89,113.49,4.92
1,172.11,103.67,103.43,2.98,113.09,4.19
1,172.22,103.75,103.49,3.17,113.14,3.69
1,172.33,103.83,103.54,3.18,113.31,3.98
1,171.64,103.58,103.46,3.2,113.3,3.72
1,172.49,103.92,103.91,2.84,113.38,4.42
1,172.0,104.32,104.26,3.04,112.93,4.53
1,171.49,103.77,103.6,3.09,112.95,4.01
1,172.1,103.98,103.86,3.06,113.0,4.47
1,171.81,103.96,103.47,3.0,113.1,4.0
1,171.9,104.0,104.07,3.09,113.6,4.52
1,172.24,103.97,104.11,2.84,113.15,4.02
1,171.71,103.52,103.34,3.31,113.15,4.12
1,172.22,103.96,103.97,2.99,113.01,4.94
1,172.03,103.64,103.59,3.04,112.96,3.63
1,172.11,104.06,104.21,3.06,113.18,4.42
1,172.1,103.85,103.68,2.91,113.4,4.25
1,171.75,103.6,103.4,2.84,112.9,4.02
1,172.46,103.75,104.02,3.22,113.63,4.26
1,172.17,103.31,103.89,3.13,113.48,4.38
1,172.48,104.56,104.03,2.97,113.65,3.79
1,171.99,104.03,103.43,2.98,113.28,4.08
1,172.07,104.21,103.82,3.35,113.3,4.29
1,172.43,103.6,104.12,3.08,112.95,4.57
1,172.09,103.68,103.99,3.28,113.27,3.74
1,171.56,103.92,103.5,2.66,113.55,4.41
1,172.03,104.69,103.87,2.79,112.85,4.17
1,172.36,104.11,103.31,2.98,113.37,4.04
1,171.77,103.92,103.9,2.95,112.95,4.61
1,172.43,103.97,103.93,3.08,112.66,3.99
1,172.43,103.58,103.77,2.62,112.81,3.95
1,171.79,103.65,103.61,3.06,113.6,4.19
1,171.86,103.47,103.59,2.97,113.22,4.04
1,171.65,103.95,103.61,3.25,113.06,4.03
1,172.3,104.04,103.93,2.92,113.19,4.33
1,171.99,103.97,103.89,3.17,113.12,4.22
1,172.16,104.43,104.06,3.19,112.69,4.51
1,171.73,103.6,103.34,3.15,112.89,3.82
1,171.79,103.74,103.48,2.8,113.35,4.6
1,172.05,103.72,103.81,2.97,113.61,4.21
1,171.94,104.11,104.16,3.35,111.76,4.08
1,171.04,103.84,103.64,3.36,112.7,4.22
1,172.17,103.93,103.62,3.08,113.1,4.06
1,171.97,103.69,104.17,3.0,112.82,4.32
1,171.52,103.92,103.66,3.15,113.54,3.81
1,172.1,103.94,103.75,3.2,113.78,3.66
1,171.35,103.7,103.43,3.22,113.28,3.71
1,171.92,103.93,104.06,2.97,113.01,4.38
1,171.69,103.85,103.53,3.19,112.68,3.86
1,172.16,104.39,103.85,3.32,112.55,3.77
1,171.7,103.88,103.56,3.03,113.6,3.89
1,171.95,103.84,103.68,3.09,112.68,3.79
1,172.17,103.75,103.29,2.88,113.38,4.43
1,172.3,104.58,104.17,3.33,112.98,4.36
1,172.1,103.95,103.72,3.07,113.15,4.49
1,172.16,103.92,103.76,2.84,113.21,4.35
1,172.02,103.73,103.31,3.07,113.62,4.35
1,171.91,104.28,103.92,3.36,113.15,3.64
1,171.99,103.91,103.79,3.11,113.67,4.05
1,171.77,103.73,103.48,2.92,113.24,4.21
1,171.69,104.05,103.73,3.21,113.56,3.87
1,172.67,104.69,104.18,2.94,113.59,4.31
1,171.45,104.21,104.19,3.01,113.11,3.91
1,171.96,103.4,104.29,3.24,112.87,3.77
1,172.34,104.2,103.69,3.09,113.44,3.32
1,171.62,104.12,103.81,3.13,112.64,4.38
1,171.72,103.95,104.11,3.13,113.51,3.75
1,172.44,104.06,103.79,3.16,113.31,4.28
1,171.66,104.12,103.94,3.19,113.25,4.44
1,172.24,104.06,103.53,2.89,112.38,4.13
1,171.54,103.7,103.89,3.1,113.06,3.88
1,172.16,103.93,103.04,2.99,113.26,4.14
1,172.02,104.01,103.57,2.77,112.72,4.5
1,172.41,104.43,103.65,3.35,113.71,3.97
1,171.74,103.59,103.94,3.12,113.71,3.96
1,171.91,103.88,103.79,3.29,113.38,4.17
1,172.46,103.89,103.74,3.02,112.7,3.57
1,172.62,104.0,104.03,3.29,113.1,4.31
1,171.69,103.91,103.26,3.22,113.56,4.04
1,171.99,103.27,103.31,3.0,113.51,3.78
1,171.8,104.17,103.8,2.88,113.03,4.67
1,172.1,104.3,103.74,2.76,113.1,3.85
1,172.12,103.95,104.08,3.06,113.18,4.5
1,172.03,103.93,103.53,3.1,113.37,4.43
1,172.0,103.69,103.91,3.33,112.84,4.12
1,172.53,104.29,103.87,2.98,112.64,4.17
1,171.26,103.87,104.41,2.88,113.9,4.43
1,172.26,104.03,103.98,2.97,112.89,3.97
1,171.92,103.6,103.92,3.02,113.16,4.33
1,172.13,103.34,103.62,2.86,113.66,3.93
1,171.93,104.34,103.72,2.93,113.52,3.78
1,172.25,104.02,104.16,3.16,113.77,3.87
1,172.28,104.03,104.14,3.07,113.32,4.48
1,172.51,103.78,103.94,3.39,113.13,4.24
1,172.19,103.42,103.61,3.12,112.74,4.18
1,171.42,103.33,103.54,3.39,112.87,3.87
1,172.25,103.96,103.49,3.29,113.29,4.5
1,171.99,103.67,103.76,2.99,113.22,3.12
1,172.0,103.84,103.72,2.87,113.84,4.77
1,171.55,104.05,104.05,2.99,113.37,4.29
1,171.82,103.67,103.8,3.49,113.32,4.6
1,172.28,103.98,103.98,2.92,113.07,4.51
1,172.47,104.46,103.41,2.99,113.36,4.4
1,171.88,103.84,103.87,3.54,113.31,4.18
1,171.9,103.81,103.8,3.01,112.82,4.15
1,171.64,103.75,104.17,2.98,113.14,4.17
1,171.96,104.18,104.04,2.86,113.58,4.57
1,172.5,104.03,103.79,2.9,112.72,4.27
1,171.96,104.09,103.67,2.58,113.28,3.75
1,172.19,103.84,104.62,3.21,113.45,4.14
1,171.35,104.62,103.58,2.88,113.42,4.32
1,171.87,103.27,104.5,3.03,113.19,3.85
1,171.34,103.95,103.29,2.76,112.58,4.89
1,171.38,103.75,103.16,3.02,113.25,4.32
1,171.91,103.99,103.76,3.04,113.0,3.62
1,171.36,103.61,103.96,3.22,113.45,3.97
1,172.16,104.36,104.02,2.97,113.55,4.11
1,172.01,103.51,103.48,3.13,113.5,4.42
1,172.17,104.44,103.31,3.31,112.96,4.15
1,171.56,103.81,103.8,3.35,113.8,4.24
1,171.58,103.34,103.82,2.92,113.63,3.53
1,172.29,103.95,103.99,2.83,113.35,3.86
1,171.87,103.94,103.22,3.09,113.19,3.71
1,171.9,104.22,103.56,3.2,113.23,3.52
1,171.84,103.62,103.93,2.95,113.22,4.29
1,172.21,103.96,103.55,2.73,113.36,3.91
1,172.15,104.13,103.52,3.09,112.93,4.0
1,172.2,104.01,103.74,3.17,112.94,4.06
1,171.88,104.44,103.5,3.06,113.52,4.53
1,172.29,104.04,103.94,3.0,113.6,3.81
1,171.97,103.79,103.56,3.11,113.58,4.17
1,171.86,103.78,103.5,3.08,113.62,3.88
1,172.1,104.09,103.83,3.25,113.37,4.49
1,171.94,104.03,103.49,2.87,113.05,4.16
1,172.21,103.95,103.74,2.99,113.51,3.79
1,172.45,103.94,103.9,2.85,113.37,4.28
1,172.92,103.55,103.94,3.27,113.55,4.78
1,172.26,104.14,103.73,2.96,112.91,4.41
1,171.49,103.94,103.85,3.32,113.67,4.32
1,172.1,103.57,103.8,3.02,113.27,4.2
1,171.8,104.3,103.58,3.0,112.94,4.75
1,172.22,103.71,103.43,3.06,113.42,4.13
1,172.07,103.61,104.34,2.85,113.03,4.34
1,172.15,104.08,104.1,2.78,113.33,4.34
1,172.52,103.98,103.74,3.19,113.44,4.66
1,172.18,103.6,103.76,2.75,112.24,3.59
1,171.72,103.96,103.19,2.83,113.27,3.81
1,172.09,104.2,103.85,3.04,113.24,4.87
1,172.48,103.71,103.79,2.96,112.49,3.91
1,172.36,103.92,103.08,3.1,112.88,3.69
1,172.89,103.77,104.24,3.01,113.72,4.12
1,172.61,103.98,103.73,3.16,113.11,3.87
1,171.83,104.01,103.88,3.04,112.69,4.18
1,172.14,104.07,103.83,3.14,113.85,3.79
1,172.44,104.26,103.56,3.12,112.7,3.48
1,172.02,104.07,104.13,2.96,112.56,3.72
1,172.19,103.77,103.39,3.17,113.14,4.17
1,172.16,103.76,103.72,3.02,113.43,4.18
1,171.92,103.72,103.66,2.65,113.4,4.41
1,171.74,104.0,103.83,3.03,114.15,3.95
1,171.87,103.95,103.52,3.02,113.33,3.94
1,172.26,104.66,103.58,2.8,112.44,4.36
1,171.94,104.52,103.77,3.08,112.75,4.1
1,172.18,104.04,104.12,3.34,113.67,4.26
1,172.3,104.18,104.1,3.02,113.02,4.52
1,171.85,103.85,103.45,3.09,113.1,3.85
1,171.38,103.83,103.99,3.12,113.48,4.44
1,171.86,104.21,103.74,2.9,113.65,4.43
1,172.08,103.78,103.13,2.88,113.22,3.44
1,171.97,104.0,103.37,3.21,112.87,3.86
1,171.68,103.54,104.31,3.1,112.91,3.9
1,172.34,103.94,103.91,3.23,112.85,4.13
1,171.67,103.76,103.59,3.17,112.77,3.82
1,172.12,104.32,103.19,3.28,113.11,4.04
1,172.23,103.87,104.05,3.09,113.38,3.9
1,172.25,104.21,103.79,3.25,112.71,3.84
1,172.14,104.34,103.98,2.98,113.05,3.84
1,171.66,104.42,103.5,3.2,112.94,3.76
1,172.29,103.93,103.82,3.11,113.54,4.25
1,172.22,103.75,103.91,3.19,113.06,4.5
1,171.94,104.09,103.28,3.13,113.53,3.98
1,172.18,103.85,103.67,2.96,113.09,3.83
1,171.95,103.62,103.91,2.9,113.17,4.91
1,172.27,104.21,103.59,3.07,113.31,3.9
1,172.34,104.14,104.06,3.01,113.78,4.11
1,171.71,104.31,104.1,3.12,113.11,4.54
1,171.54,104.36,103.83,3.06,112.92,3.86
1,172.16,103.77,103.63,3.12,113.02,4.06
1,171.73,104.38,103.26,3.04,112.72,4.0
1,172.57,103.78,103.65,3.04,113.0,4.27
1,171.71,104.14,103.99,3.15,113.21,4.49
1,172.0,104.35,103.29,3.11,113.18,3.73
1,172.08,104.04,104.08,3.3,113.41,3.66
1,172.15,104.28,103.67,3.24,113.35,4.28
1,172.31,103.94,103.89,3.2,113.8,4.0
1,172.35,104.04,104.18,3.03,113.15,4.47
1,172.16,103.63,103.59,3.38,113.58,4.25
1,172.63,104.13,104.17,3.45,113.34,3.77
1,172.2,103.52,103.78,3.4,113.35,3.66
1,172.02,103.67,104.22,3.04,113.33,4.4
1,171.66,104.0,103.47,2.99,112.65,3.9
1,172.0,103.65,103.83,2.76,113.17,2.98
1,171.95,103.65,103.9,3.2,112.68,3.98
1,172.39,103.98,104.05,2.98,113.41,4.26
1,171.65,103.84,104.25,3.22,113.63,3.56
1,171.83,104.08,103.7,2.88,113.56,3.28
1,171.5,104.27,104.04,3.37,112.98,3.97
1,171.41,104.03,104.21,3.11,113.49,4.26
1,172.16,104.1,103.78,3.03,113.13,3.84
1,171.99,104.76,104.55,3.02,113.7,4.39
1,172.32,103.97,104.33,3.08,113.73,4.06
1,171.99,104.44,103.88,2.89,113.01,4.04
1,172.22,104.05,103.86,3.05,113.04,4.68
1,171.62,103.8,103.48,3.35,112.83,4.16
1,171.84,104.03,103.88,3.18,113.07,4.31
1,172.05,103.75,104.15,2.87,112.83,4.39
1,172.25,103.93,103.49,2.8,113.56,4.17
1,171.98,103.75,103.83,3.32,112.97,4.39
1,171.65,103.82,103.37,2.98,113.04,4.37
1,172.37,104.11,104.09,3.09,113.42,4.78
1,171.64,103.9,104.07,3.39,113.18,3.6
1,171.99,103.62,103.42,3.37,112.94,3.48
1,172.48,103.59,104.03,2.74,112.78,4.1
1,171.85,103.27,103.96,2.65,113.62,4.0
1,171.36,103.72,104.76,2.88,113.14,4.17
1,172.24,103.95,103.52,2.88,113.48,4.33
1,171.49,104.24,104.32,3.07,113.8,3.58
1,172.45,103.99,104.39,2.66,112.93,3.43
1,171.82,103.61,103.84,2.73,113.4,3.99
1,172.15,103.98,103.89,3.08,113.61,4.21
1,172.18,104.65,103.81,3.07,113.03,3.95
1,172.39,104.08,103.76,2.95,113.23,3.85
1,172.13,104.1,103.69,2.86,113.06,4.39
1,172.36,103.52,103.7,3.29,113.33,4.17
1,171.83,104.01,103.92,3.08,112.47,4.35
1,171.77,104.27,103.94,2.87,113.21,4.34
1,172.05,103.78,103.81,3.08,113.35,4.17
1,172.17,104.27,104.32,3.32,113.48,4.52
1,171.52,103.85,103.75,3.09,112.97,3.95
1,172.17,104.06,103.37,3.31,113.66,4.32
1,171.64,103.6,103.76,2.98,112.94,4.42
1,172.19,104.08,104.17,3.26,113.07,4.17
1,171.94,104.64,103.7,2.98,112.83,4.36
1,171.9,104.11,103.69,3.08,112.74,3.68
1,172.13,103.35,104.17,3.27,113.06,4.23
1,172.1,104.17,103.78,2.84,113.35,4.61
1,171.79,103.56,103.77,2.8,112.67,4.15
1,171.66,103.68,103.41,3.33,113.74,4.35
1,171.9,104.08,103.94,2.97,113.05,4.17
1,171.84,104.39,103.83,2.97,113.05,3.77
1,172.02,103.89,103.93,3.18,113.75,4.14
1,172.4,104.09,103.74,3.13,113.46,3.74
1,171.95,103.86,103.8,2.87,112.17,4.51
1,172.39,104.2,103.88,3.36,113.07,3.95
1,171.66,103.54,104.16,3.33,113.53,4.0
1,171.77,103.63,103.59,3.32,112.77,3.52
1,172.37,104.06,103.69,2.87,113.68,4.09
1,172.22,103.72,103.8,3.22,112.84,4.36
1,172.24,103.8,104.36,2.99,113.81,4.18
1,172.15,103.84,103.32,3.03,112.89,4.21
1,172.31,103.98,103.53,2.97,113.47,4.04
1,171.87,103.88,104.07,2.9,113.36,3.8
1,171.79,103.77,104.0,3.05,112.67,4.1
1,172.12,103.64,103.65,3.18,112.67,4.23
1,172.09,103.65,103.25,2.85,113.2,3.96
1,171.84,103.72,103.57,2.83,113.31,4.33
1,171.42,104.79,104.16,3.16,112.64,3.45
1,171.92,104.57,104.17,2.88,113.12,4.09
1,172.36,104.09,103.75,2.93,112.7,3.98
1,172.06,103.56,103.76,3.05,113.42,3.83
1,171.75,103.6,103.06,2.98,112.96,4.03
1,172.06,104.45,103.73,3.5,113.36,4.18
1,171.57,103.58,104.06,2.94,113.03,3.86
1,171.4,103.88,103.54,2.8,113.01,3.75
1,172.41,104.1,103.9,3.14,112.61,4.06
1,172.06,104.08,103.47,2.97,114.32,4.47
1,172.43,104.04,104.26,3.24,112.82,4.56
1,172.31,104.29,103.72,2.87,112.4,3.98
1,171.62,103.94,104.14,3.3,113.5,4.59
1,172.43,103.65,104.3,2.94,113.06,4.09
1,172.0,103.76,104.07,2.59,113.64,4.36
1,172.12,104.08,104.49,3.56,113.5,4.09
1,171.43,104.52,103.42,2.82,113.02,4.05
1,172.33,103.69,103.66,3.09,113.66,3.76
1,171.63,103.7,103.63,3.25,112.76,4.21
1,171.88,103.87,104.02,3.33,112.47,4.12
1,171.92,103.61,103.83,2.72,112.4,4.08
1,171.83,103.77,103.84,3.1,113.1,4.1
1,172.25,103.99,103.84,2.99,113.36,3.81
1,171.68,103.9,103.68,2.74,113.6,3.78
1,171.74,103.9,103.6,2.89,113.36,3.87
1,172.21,104.42,103.53,3.05,113.11,4.48
1,171.79,103.69,103.68,2.77,112.78,3.65
1,171.91,103.73,103.51,3.1,113.53,4.6
1,172.11,104.12,103.83,2.72,113.28,3.9
1,171.66,103.92,103.47,2.83,113.2,4.26
1,172.16,103.72,103.61,2.72,113.51,4.3
1,171.78,103.38,104.22,3.07,113.77,4.23
1,171.44,103.96,103.92,2.89,113.21,3.68
1,171.56,104.07,103.58,3.02,112.96,3.55
0,172.28,103.95,103.91,3.31,111.4,4.78
0,171.92,103.86,104.3,3.13,111.29,4.96
0,171.59,104.14,104.38,3.47,111.22,4.97
0,172.02,104.33,104.33,3.21,111.99,5.19
0,172.55,104.25,104.23,3.13,111.72,5.6
0,171.88,104.3,104.18,3.33,112.69,5.34
0,171.63,104.05,104.25,3.1,110.91,4.61
0,171.83,104.13,104.52,3.27,111.72,4.94
0,172.3,104.28,103.9,3.57,110.66,5.1
0,172.09,104.26,103.96,3.31,111.25,4.45
0,171.43,103.85,103.94,3.23,111.71,4.37
0,172.09,104.44,104.24,3.13,111.93,4.9
0,171.37,103.73,104.18,3.34,110.98,4.97
0,171.98,104.18,103.59,3.39,112.07,5.44
0,171.73,103.99,103.86,3.33,111.28,5.55
0,171.86,104.51,104.29,3.54,110.76,5.97
0,171.99,104.23,104.33,3.21,110.99,5.13
0,171.81,104.37,104.18,3.52,110.95,5.9
0,171.79,104.18,103.87,3.25,111.88,5.55
0,172.16,104.03,104.44,3.33,111.21,5.33
0,171.14,104.31,104.3,3.29,111.57,5.46
0,171.91,104.2,103.57,3.52,111.14,4.53
0,172.89,104.03,104.03,3.0,110.95,6.03
0,172.02,104.26,104.2,3.58,111.25,6.2
0,171.52,104.05,104.31,3.7,112.6,4.24
0,172.17,104.2,104.13,3.38,112.44,3.86
0,171.88,103.85,103.96,3.31,112.64,5.1
0,171.63,104.02,104.66,3.28,111.28,6.7
0,171.74,104.05,103.93,3.49,111.34,5.38
0,171.96,104.29,104.03,3.91,110.83,6.01
0,171.96,104.45,104.48,3.42,111.75,5.31
0,172.4,104.0,103.82,3.1,112.11,6.33
0,172.08,104.22,104.41,3.3,111.4,4.51
0,171.72,104.06,103.8,3.64,111.77,5.69
0,172.35,103.79,104.35,3.35,112.02,5.18
0,172.05,104.37,104.14,3.27,111.14,5.38
0,171.58,104.13,104.67,3.52,112.47,5.86
0,172.09,104.24,103.83,3.37,111.69,5.1
0,172.08,104.1,103.96,3.13,111.51,5.64
0,171.65,104.12,104.33,3.19,111.48,5.56
0,171.91,104.08,104.16,3.41,111.32,5.91
0,171.77,104.12,104.42,3.63,111.53,6.65
0,171.75,103.99,104.21,3.4,110.5,4.74
0,172.05,104.29,103.8,3.27,111.33,4.94
0,171.55,104.18,103.83,3.42,111.6,4.46
0,172.4,104.05,103.94,3.43,111.53,5.01
0,172.07,104.36,104.04,3.29,111.73,5.6
0,171.78,103.95,104.27,3.29,110.73,4.64
0,172.16,104.24,104.47,3.49,111.59,6.08
0,171.69,104.09,104.49,3.51,112.68,5.28
0,171.96,104.24,103.75,3.29,111.08,5.5
0,171.81,103.91,104.77,3.58,111.33,5.28
0,172.13,104.09,104.16,3.38,111.79,5.45
0,171.85,104.52,104.05,3.43,111.96,6.21
0,172.39,104.16,103.92,3.39,111.83,5.66
0,171.74,104.07,104.08,3.52,111.76,5.06
0,171.5,104.32,104.66,3.33,111.95,4.92
0,172.02,104.43,104.37,3.06,110.35,5.59
0,171.98,104.33,104.28,3.45,111.55,4.86
0,172.15,104.41,104.4,3.25,111.05,5.64
0,171.75,104.34,104.58,3.29,110.98,4.26
0,172.02,104.06,104.16,3.35,110.94,4.74
0,171.65,104.19,103.96,2.99,112.86,5.37
0,171.44,103.99,104.04,3.49,111.74,4.81
0,171.87,104.16,104.44,3.32,111.99,6.04
0,171.87,104.21,103.82,3.12,112.06,4.81
0,171.92,104.39,103.93,3.02,111.44,5.18
0,171.37,104.08,104.16,3.55,111.56,5.55
0,171.89,104.49,104.38,3.63,110.48,5.2
0,171.21,104.29,104.41,3.26,111.16,5.14
0,172.08,104.38,104.22,3.41,111.42,5.51
0,171.5,103.9,103.98,3.4,112.07,4.82
0,171.41,104.06,104.42,3.4,111.02,5.04
0,172.13,103.67,103.82,3.22,112.15,4.27
0,172.14,104.49,103.76,3.24,110.36,4.36
0,172.02,104.51,103.69,3.39,112.35,6.23
0,171.8,104.12,104.06,3.29,111.09,5.66
0,172.21,104.4,104.28,3.42,112.99,5.28
0,172.17,104.33,104.24,3.43,112.06,4.93
0,172.23,103.83,104.29,3.47,111.72,5.61
0,171.82,103.9,103.67,3.36,112.43,4.79
0,171.75,103.96,103.83,3.54,109.49,5.39
0,171.85,103.6,103.82,3.21,112.5,4.6
0,171.94,104.27,103.94,3.14,112.13,4.46
0,171.39,103.51,103.5,3.45,111.54,5.52
0,171.54,104.53,104.15,3.43,111.7,5.69
0,171.91,104.28,103.86,3.37,113.13,5.48
0,171.91,104.26,104.62,3.44,110.68,5.86
0,171.13,104.13,104.26,3.69,111.52,3.86
0,172.11,104.88,104.1,3.73,110.78,4.8
0,172.2,104.31,104.4,3.42,111.92,4.6
0,171.87,104.76,104.02,3.61,111.29,6.3
0,172.08,104.33,103.94,3.64,110.68,4.77
0,172.13,104.4,103.43,3.65,111.17,4.44
0,171.83,104.11,103.92,3.21,112.18,5.63
0,172.34,104.36,103.82,3.47,111.33,4.92
0,172.51,104.43,104.17,3.08,111.7,5.11
0,171.32,104.28,104.36,3.69,112.09,5.08
0,171.19,104.18,104.01,3.18,111.73,4.82
0,172.29,104.09,103.92,3.54,110.94,4.51
0,171.86,104.49,103.87,3.6,111.11,5.21
0,172.31,104.11,103.74,3.6,111.78,4.96
0,171.88,104.05,103.75,3.21,112.52,4.41
0,171.95,103.89,103.69,3.42,112.02,4.45
0,172.37,104.03,104.47,3.25,111.99,4.95
0,172.08,103.95,103.9,3.29,112.03,5.45
0,172.12,104.18,104.31,3.31,111.43,5.36
0,171.78,104.24,103.94,3.11,111.31,4.64
0,172.03,104.16,104.31,3.24,112.82,5.46
0,171.73,104.32,104.07,3.3,112.8,6.56
0,172.03,104.52,103.96,3.48,112.16,4.3
0,172.06,104.28,104.31,3.27,111.61,5.61
0,171.84,104.52,104.19,3.47,110.64,4.6
0,172.1,104.1,104.2,3.16,111.85,5.16
0,172.18,104.14,104.37,3.62,110.97,6.04
0,172.26,103.9,104.12,3.42,111.27,4.99
0,171.94,104.14,104.14,3.06,112.04,4.69
0,171.38,104.52,104.22,3.41,111.84,4.58
0,172.0,104.2,104.35,3.31,111.95,5.18
0,171.48,104.46,104.24,3.61,110.8,4.94
0,172.09,104.15,104.17,3.4,113.85,4.15
0,172.07,104.03,103.58,3.64,111.27,5.33
0,171.88,103.92,104.27,3.11,110.93,6.7
0,172.04,104.26,103.87,3.49,112.09,5.21
0,171.84,104.06,104.1,3.25,111.04,4.87
0,172.04,103.76,104.03,3.42,111.87,5.07
0,172.37,104.25,103.67,3.3,112.03,5.12
0,171.68,104.04,104.68,3.56,111.04,5.32
0,171.56,104.29,104.19,3.63,112.94,5.23
0,171.77,104.34,103.44,3.36,111.49,5.12
0,172.04,104.32,103.81,3.57,112.37,5.57
0,171.79,103.99,103.67,3.52,110.93,6.16
0,171.91,103.7,104.41,3.5,113.05,6.34
0,171.81,104.17,103.93,3.34,110.8,4.77
0,172.41,104.32,103.93,3.36,112.36,5.82
0,171.77,103.98,103.76,3.38,111.07,5.16
0,172.01,104.06,104.12,3.35,111.01,5.71
0,171.32,104.2,104.09,3.19,112.02,5.67
0,172.15,104.26,104.2,3.49,112.33,5.5
0,171.98,103.81,104.35,3.52,111.73,4.57
0,171.04,104.23,104.22,3.56,111.54,4.87
0,171.9,104.25,104.64,3.07,110.86,4.46
0,171.88,103.84,104.18,3.05,112.07,5.02
0,171.79,103.81,103.97,3.2,111.04,5.86
0,171.94,104.53,103.81,3.14,112.46,5.07
0,172.43,104.06,104.02,3.33,111.59,4.93
0,171.84,104.63,104.43,3.21,111.48,5.24
0,172.02,104.08,104.01,3.28,111.03,4.63
0,171.79,104.86,104.34,3.14,113.02,5.39
0,171.97,104.19,104.05,3.18,111.46,4.79
0,171.83,103.83,103.92,3.22,112.03,5.34
0,172.42,104.33,104.4,3.13,112.11,5.34
0,172.32,103.95,103.94,3.31,111.41,4.23
0,172.36,104.04,104.31,3.56,111.57,4.76
0,171.78,104.33,103.58,3.26,111.3,6.01
0,172.09,103.7,104.27,3.51,112.2,5.53
0,172.11,104.1,104.18,3.21,111.45,4.52
0,171.47,104.33,104.03,3.01,111.68,5.25
0,172.39,104.05,104.32,3.41,112.66,4.13
0,171.92,104.29,104.27,3.13,111.37,5.76
0,172.46,103.87,104.36,3.33,110.69,5.56
0,172.34,104.36,103.83,3.44,111.44,6.03
0,171.5,104.52,104.19,3.12,110.37,4.84
0,171.5,104.11,104.14,3.53,111.24,5.38
0,171.89,104.23,104.52,3.15,110.94,4.6
0,171.84,104.21,104.07,3.5,111.16,5.85
0,171.83,103.56,103.76,3.49,110.7,5.56
0,171.99,104.14,104.15,3.42,112.16,6.48
0,171.63,104.3,103.85,3.26,111.88,5.45
0,171.86,103.94,103.81,3.23,111.55,5.12
0,171.87,104.07,103.54,3.5,112.06,4.59
0,172.12,104.38,104.31,3.18,111.82,4.82
0,171.84,104.17,104.12,3.57,112.01,4.42
0,172.13,104.06,103.92,3.13,111.01,5.54
0,172.07,103.91,104.21,3.42,111.91,4.12
0,172.21,104.5,104.46,3.34,112.12,4.92
0,171.47,104.28,103.89,3.21,111.8,5.78
0,171.68,104.0,104.29,3.1,111.77,4.9
0,171.26,104.02,103.93,3.12,112.48,5.6
0,172.05,104.15,104.56,3.56,111.2,5.35
0,172.25,103.96,103.92,3.24,111.06,4.67
0,171.97,103.95,103.73,3.24,110.87,5.15
0,171.38,104.39,104.56,3.25,111.59,5.96
0,171.56,104.34,104.43,3.66,111.87,5.92
0,171.52,104.18,103.99,3.26,110.87,5.93
0,171.74,103.77,104.31,3.4,111.52,4.99
0,172.18,104.53,104.14,3.18,111.11,5.97
0,171.45,104.21,104.18,3.52,113.21,4.55
0,171.42,103.87,104.51,3.3,110.22,5.07
0,171.95,104.08,104.08,3.32,110.93,5.66
0,171.59,103.93,103.95,3.38,111.71,5.25
0,171.67,104.06,104.15,3.21,111.49,4.87
0,172.61,104.31,104.13,3.27,111.63,5.85
0,171.94,104.04,104.27,3.16,111.61,4.75
0,171.94,104.2,103.65,3.43,112.08,5.0
0,172.05,104.2,104.11,3.37,111.18,4.09
0,172.03,104.32,104.87,3.77,111.04,4.49
0,171.99,104.04,104.25,3.43,111.83,4.77
0,171.85,104.12,103.69,3.5,111.55,4.86
0,172.26,104.23,103.98,3.29,111.83,6.03
0,172.02,104.22,104.19,3.73,110.49,5.14
0,171.96,104.01,104.54,3.31,111.35,5.21
0,171.92,103.9,104.58,3.5,110.59,5.56
0,171.73,104.09,104.47,3.46,112.3,4.81
0,171.71,104.12,104.14,3.38,111.68,4.84
0,171.96,104.38,103.82,3.32,111.68,5.19
0,172.25,104.18,104.23,3.37,111.17,5.11
0,172.29,104.43,104.8,3.3,111.53,4.86
0,172.31,103.98,104.09,3.47,111.71,5.28
0,171.9,104.33,104.4,3.31,112.12,4.7
0,171.76,104.13,104.19,3.55,111.9,5.22
0,171.87,104.26,103.99,3.6,110.48,4.87
0,171.88,104.14,104.42,3.18,111.38,4.34
0,171.93,104.09,104.51,3.58,111.63,4.87
0,171.63,104.61,104.29,3.14,111.51,5.31
0,171.68,104.67,103.71,3.22,111.32,5.26
0,172.23,103.81,104.13,3.17,110.91,5.24
0,171.91,104.13,104.24,3.19,112.31,5.28
0,172.27,104.06,104.24,3.35,110.29,5.43
0,171.69,104.51,103.81,3.42,112.08,5.02
0,172.24,104.31,104.66,3.61,112.37,4.2
0,171.74,104.52,104.23,3.61,112.14,5.59
0,172.03,104.15,104.24,3.3,112.36,5.12
0,171.6,103.9,104.29,3.55,110.77,6.11
0,172.26,103.94,103.95,3.26,112.61,5.7
0,172.27,104.36,103.68,3.51,112.35,5.74
0,171.94,103.88,104.1,3.39,111.52,6.05
0,171.92,104.43,103.77,3.11,111.03,5.79
0,171.75,103.96,104.15,3.32,111.76,4.84
0,171.9,103.94,104.59,3.23,111.57,5.04
0,172.13,104.35,104.0,3.3,111.92,5.69
0,171.95,104.0,103.88,2.96,111.79,5.8
0,172.27,103.87,104.35,3.52,112.32,5.58
0,172.57,104.13,104.19,3.45,112.18,5.1
0,171.72,104.05,104.36,3.75,111.59,5.4
0,172.27,103.88,104.16,3.31,110.91,5.91
0,171.99,104.02,104.06,3.61,112.12,5.34
0,172.16,104.12,104.21,3.43,110.99,5.01
0,171.66,104.17,104.02,3.22,110.91,4.71
0,171.58,104.23,104.5,3.7,111.75,5.14
0,171.64,104.2,104.1,3.6,112.72,5.43
0,171.91,103.8,103.99,3.32,110.78,6.14
0,172.26,104.04,104.43,3.47,111.95,3.82
0,171.76,104.14,104.54,3.41,111.5,5.14
0,171.57,104.04,104.14,3.42,112.68,5.27
0,172.31,103.97,104.03,3.14,111.17,4.6
0,171.45,104.03,104.26,3.44,111.92,4.88
0,172.27,104.18,103.78,3.25,112.38,5.58
0,172.25,104.21,103.98,3.5,111.88,5.71
0,172.03,104.6,104.0,3.26,112.08,4.36
0,171.8,104.51,104.57,3.3,112.94,5.5
0,171.15,104.09,104.3,3.2,111.61,6.49
0,171.9,104.22,104.09,3.18,112.16,5.28
0,172.0,104.23,104.52,3.37,110.94,5.76
0,172.39,104.34,104.1,3.14,111.56,5.89
0,172.42,103.69,104.29,3.33,110.7,5.25
0,172.2,104.45,104.02,3.58,111.2,4.81
0,171.88,103.89,104.41,3.59,112.1,4.75
0,171.56,104.03,103.93,3.5,111.67,5.47
0,171.93,104.43,104.15,3.4,111.82,5.8
0,171.59,104.05,104.4,3.45,111.14,5.05
0,171.92,104.33,104.06,3.41,111.46,4.45
0,172.37,104.54,104.03,3.41,111.45,5.82
0,171.67,104.12,103.98,3.18,111.55,5.68
0,172.13,103.99,103.78,2.94,112.3,5.47
0,171.94,104.38,103.81,3.39,111.22,4.87
0,172.04,104.37,104.09,3.5,111.25,4.81
0,171.26,104.22,104.07,3.81,112.88,4.78
0,172.4,104.42,104.18,3.31,111.27,4.62
0,171.73,103.74,104.38,3.16,111.73,5.14
0,172.33,104.36,104.31,3.33,112.03,4.4
0,171.96,104.0,103.95,3.26,110.96,5.63
0,171.82,103.97,103.88,3.55,111.87,4.73
0,172.47,104.27,104.1,3.33,110.68,4.88
0,173.01,104.59,104.31,3.05,110.91,5.04
0,172.11,104.23,104.45,3.58,111.78,5.24
0,171.43,104.26,103.97,3.14,111.82,5.73
0,171.74,104.02,104.22,2.94,112.26,5.33
0,171.62,104.53,103.64,3.16,112.54,4.89
0,171.8,104.14,104.26,3.35,111.46,5.67
0,171.6,104.23,104.45,3.45,110.34,5.57
0,172.1,104.16,104.34,3.09,111.62,6.0
0,172.12,104.38,103.93,3.44,111.52,4.71
0,171.93,104.24,103.71,3.16,111.84,5.48
0,171.31,103.95,104.07,3.41,112.44,5.14
0,172.06,104.0,104.02,3.53,112.07,5.09
0,171.57,104.08,104.12,3.21,111.49,5.46
0,171.94,104.06,104.22,3.36,111.7,6.9
0,171.84,104.46,104.15,3.39,110.73,4.51
0,171.86,104.04,104.43,3.64,111.63,4.63
0,171.57,104.29,104.28,3.68,110.98,5.12
0,172.4,104.27,104.18,3.17,111.79,4.92
0,171.9,103.97,104.36,3.61,112.05,5.59
0,171.55,104.46,104.36,3.31,111.57,4.69
0,171.96,104.47,104.06,3.76,111.04,4.84
0,172.0,104.36,104.16,3.25,111.82,4.94
0,172.11,104.24,104.06,3.6,111.76,5.61
0,171.38,104.13,104.22,3.46,112.48,5.67
0,171.33,104.28,104.19,3.25,111.99,5.72
0,172.08,103.98,104.23,3.31,112.19,4.99
0,171.91,104.0,104.49,3.42,111.82,4.68
0,172.1,104.36,104.08,3.46,111.93,4.96
0,172.13,103.99,104.06,3.28,111.3,5.8
0,171.68,104.24,104.0,3.24,112.18,4.49
0,172.36,104.02,104.32,3.4,112.13,5.62
0,172.0,104.45,104.19,2.99,111.99,5.5
0,171.92,104.84,104.6,2.92,110.69,5.96
0,171.78,104.07,104.16,3.3,111.27,5.77
0,171.92,104.37,104.05,3.04,110.61,4.95
0,171.83,104.12,104.01,3.2,112.53,5.59
0,172.43,104.32,103.95,3.39,111.5,4.13
0,172.4,104.55,104.22,3.51,111.94,5.18
0,171.99,104.28,104.32,3.45,112.18,4.71
0,171.91,103.99,104.23,3.42,111.77,5.01
0,171.74,104.4,104.39,3.06,112.0,4.87
0,172.05,104.6,104.32,3.35,111.78,5.12
0,172.29,104.72,104.86,3.16,112.15,5.71
0,172.07,104.5,104.23,3.07,111.21,6.19
0,171.84,104.23,104.31,3.68,111.72,5.1
0,171.51,104.13,103.9,3.6,111.23,4.99
0,171.83,104.39,104.17,3.33,113.64,5.51
0,171.75,104.36,104.02,3.13,111.79,6.0
0,171.78,104.51,104.06,3.18,111.91,5.9
0,172.1,104.22,103.99,3.24,111.94,5.26
0,172.5,104.07,103.71,3.63,110.74,3.82
0,171.89,104.32,103.94,3.3,111.56,5.64
0,172.32,104.6,104.83,3.51,112.55,4.84
0,172.09,104.4,104.21,3.41,112.11,5.28
0,172.1,104.3,104.21,3.41,111.27,4.07
0,172.22,104.41,104.64,3.37,112.2,5.2
0,172.04,104.17,103.9,3.62,111.56,5.05
0,171.79,104.05,104.3,3.44,112.01,5.02
0,172.22,104.17,104.07,3.67,112.13,4.52
0,171.99,104.18,104.2,3.23,111.83,5.26
0,171.75,104.16,104.23,3.25,111.68,5.75
0,172.04,104.34,104.48,3.28,112.15,4.88
0,171.94,104.21,104.1,3.47,112.23,4.28
0,171.97,104.38,104.18,3.47,110.98,5.59
0,171.62,104.14,104.45,3.66,111.93,4.94
0,171.43,104.14,103.95,3.14,111.76,5.34
0,171.56,104.17,103.87,3.38,111.55,6.16
0,171.94,104.37,104.14,3.46,111.94,5.37
0,171.84,104.32,104.5,3.0,111.06,6.28
0,171.53,104.03,104.05,3.22,111.93,5.77
0,171.38,103.78,103.7,3.43,111.6,5.22
0,172.1,103.98,104.28,3.16,111.09,5.78
0,171.62,104.21,103.99,3.45,111.35,5.5
0,171.61,104.04,104.06,3.08,110.73,6.19
0,171.67,103.79,103.44,3.32,111.47,5.13
0,171.68,103.89,103.7,3.03,109.97,5.97
0,171.95,104.26,103.97,3.16,112.44,5.88
0,171.91,103.91,103.98,3.65,111.41,4.78
0,171.67,104.16,104.08,3.3,111.63,5.42
0,172.25,104.52,104.22,3.43,110.48,4.65
0,171.98,104.44,104.26,3.2,110.93,5.75
0,171.95,104.47,104.34,3.1,113.17,5.92
0,171.56,103.8,103.87,2.98,112.95,5.66
0,172.0,104.46,104.3,3.37,111.85,5.27
0,171.69,104.18,104.28,3.23,110.53,5.62
0,171.74,103.96,103.47,3.3,111.4,5.14
0,171.83,104.18,104.26,3.6,111.55,5.0
0,171.6,104.37,104.2,3.08,112.84,5.82
0,171.65,104.32,104.38,3.24,112.3,5.65
0,171.94,104.56,104.25,3.37,110.64,4.6
0,171.69,103.87,104.16,3.31,111.42,5.46
0,171.86,104.12,104.1,3.34,111.91,6.01
0,171.38,104.04,104.2,3.38,112.8,5.54
0,171.69,104.17,104.37,3.54,111.89,5.31
0,172.02,103.9,104.1,3.19,111.46,5.92
0,171.74,104.41,104.08,3.22,111.04,4.66
0,171.8,104.31,104.49,3.51,111.2,5.97
0,172.3,104.18,104.54,3.35,111.11,5.04
0,171.41,104.2,103.73,3.32,111.74,4.31
0,172.15,104.23,104.41,3.37,112.53,5.47
0,171.58,103.87,104.07,3.51,111.53,4.67
0,172.08,104.04,103.44,3.19,111.04,5.39
0,171.97,104.85,104.52,3.56,110.98,5.87
0,171.75,104.16,104.16,2.99,111.83,4.23
0,171.26,104.19,104.26,3.35,111.04,5.17
0,171.46,104.4,104.3,3.3,111.58,5.2
0,172.05,104.22,104.05,3.18,111.13,5.87
0,171.8,103.97,103.93,3.07,111.22,5.39
0,171.05,104.09,104.5,3.1,112.44,4.72
0,172.31,104.31,104.72,3.41,112.06,4.86
0,171.43,104.26,103.91,3.53,111.9,5.14
0,172.36,104.01,104.41,3.07,110.71,5.23
0,171.59,104.17,104.09,3.08,112.14,5.25
0,171.67,104.08,104.73,3.31,111.81,4.93
0,172.0,104.17,104.44,3.4,111.17,4.72
0,171.5,104.28,104.22,3.24,111.56,5.2
0,171.91,104.53,104.23,3.34,112.28,4.75
0,172.24,104.32,103.83,3.44,111.37,5.6
0,171.73,104.12,104.36,3.5,112.15,4.71
0,171.81,104.44,104.23,3.39,111.64,5.29
0,172.03,104.46,103.8,3.56,111.86,5.59
0,171.62,104.32,104.76,3.41,112.4,4.92
0,171.89,103.79,104.17,3.4,111.76,5.11
0,171.53,104.25,104.17,3.5,112.23,4.3
0,171.76,103.79,104.05,3.22,112.08,5.12
0,171.79,104.3,104.31,3.11,111.8,5.65
0,171.54,103.98,103.96,3.09,111.88,5.57
0,172.02,103.99,104.28,2.98,112.42,4.22
0,171.99,103.95,104.27,3.48,111.06,5.46
0,171.9,104.09,104.73,3.27,112.47,4.59
0,171.96,103.86,103.86,3.55,110.44,5.06
0,171.95,104.39,104.31,3.23,111.33,5.98
0,172.25,103.94,103.68,3.25,112.48,4.14
0,171.83,104.42,104.03,2.95,112.98,6.0
0,171.92,104.17,104.11,3.14,112.2,5.59
0,171.93,104.58,104.35,3.46,111.46,6.04
0,171.76,104.25,104.65,3.22,111.45,4.25
0,171.21,103.92,104.29,3.12,111.7,5.18
0,171.79,104.64,103.74,3.26,111.86,5.97
0,172.13,104.33,103.69,3.08,110.75,4.75
0,171.56,104.47,104.04,3.43,112.12,6.38
0,172.24,104.11,103.55,3.63,111.33,5.02
0,171.49,104.12,104.33,3.09,111.56,5.93
0,171.74,104.17,104.56,3.05,111.67,5.54
0,171.68,103.9,104.41,3.29,111.85,4.74
0,171.94,104.36,104.01,3.35,111.83,5.14
0,172.22,103.92,104.03,3.14,110.89,6.25
0,172.27,104.39,104.5,3.11,112.51,5.09
0,172.39,104.04,104.32,3.55,111.82,5.09
0,171.49,104.64,104.25,3.49,112.0,4.31
0,171.76,104.55,103.8,3.26,111.4,5.28
0,172.52,104.11,104.35,3.31,111.55,5.3
0,171.96,103.92,104.23,3.35,111.16,5.0
0,172.43,104.18,104.43,3.65,111.92,4.57
0,171.66,103.8,104.09,3.12,111.56,4.73
0,171.76,104.03,103.85,3.37,111.3,5.79
0,171.92,104.18,103.9,3.58,112.37,5.67
0,171.65,103.94,104.19,3.32,110.95,4.67
0,171.53,104.41,103.85,3.39,111.94,4.64
0,171.63,104.55,103.81,3.1,111.87,6.56
0,171.4,104.21,104.44,3.3,111.09,5.59
0,172.19,104.26,104.12,3.49,110.52,5.23
0,171.84,104.17,103.98,3.39,111.26,4.91
0,172.14,104.39,104.1,3.34,111.86,4.44
0,171.65,104.41,104.06,3.56,111.36,5.37
0,172.07,104.25,103.62,3.31,111.28,5.1
0,171.74,104.32,103.64,3.28,111.56,5.47
0,171.66,104.1,104.15,3.4,111.83,4.53
0,172.72,104.05,104.17,3.37,111.53,4.21
0,171.94,104.2,103.81,3.43,111.69,5.1
0,171.93,104.15,103.98,3.57,112.71,4.57
0,171.55,104.2,104.49,3.54,109.93,5.42
0,172.2,104.56,103.58,3.62,111.17,5.19
0,171.56,103.65,103.75,3.56,111.31,4.85
0,172.48,104.41,104.47,3.62,111.31,4.81
0,171.34,104.43,104.28,3.39,111.01,4.7
0,171.65,104.0,104.53,3.41,111.09,5.69
0,171.78,104.31,103.82,3.25,111.14,6.19
0,171.99,104.28,104.48,3.46,110.94,5.27
0,171.92,104.66,104.31,3.33,112.75,5.15
0,171.9,104.02,103.91,3.48,111.98,5.38
0,172.23,104.27,104.28,3.68,111.64,4.35
0,172.07,104.17,104.37,3.54,111.2,6.54
0,172.17,103.89,103.87,3.68,110.68,5.22
0,171.58,104.55,103.83,3.32,110.97,5.5
0,171.16,103.8,103.93,3.36,112.29,4.95
0,172.21,103.88,104.65,3.58,111.11,4.82
0,172.37,104.52,104.37,3.26,111.27,5.36
0,171.49,104.42,104.4,3.36,111.45,5.08
0,171.93,104.58,103.73,3.36,112.41,5.28
0,171.85,104.27,103.83,3.37,112.0,4.15
0,171.76,104.04,104.12,3.2,112.87,6.29
0,171.7,104.42,104.04,3.32,111.63,4.75
0,172.03,104.48,104.33,3.01,112.15,5.66
0,171.43,104.46,103.95,3.05,111.2,5.13
0,172.16,104.23,104.19,3.61,112.43,5.09
0,172.36,103.93,104.0,3.76,112.89,6.08
0,171.55,103.76,104.21,3.01,111.48,5.11
0,171.64,103.92,104.66,3.38,112.33,5.71
0,172.17,104.33,104.53,3.71,111.75,5.06
0,172.3,104.04,103.85,3.27,111.69,4.12
0,172.08,104.16,104.58,3.72,111.04,4.79
0,172.08,103.96,104.95,3.45,112.07,5.22
0,172.52,104.48,104.17,3.39,110.71,5.16
0,172.47,104.16,103.85,3.32,111.25,3.99
0,171.3,104.49,103.89,3.17,111.51,4.88
0,171.78,103.93,103.93,3.19,111.07,5.88
0,172.11,104.14,104.15,3.28,110.98,4.84
0,171.82,104.32,104.05,3.03,111.68,6.06
0,171.79,104.18,104.54,3.51,112.4,5.13
0,172.01,103.97,104.4,3.31,111.18,5.52
0,171.63,104.33,104.61,3.35,112.16,4.88
0,171.57,104.14,104.14,3.23,111.76,5.41
0,171.75,104.38,104.17,3.09,111.28,4.42
0,172.19,104.63,104.44,3.37,110.97,5.27
0,171.8,104.01,104.12,3.36,111.95,5.51
0,172.06,104.28,104.06,3.46,112.25,5.17
0,171.47,104.15,103.82,3.37,112.07,4.63
1,171.94,103.89,103.45,3.25,112.79,4.064953606093738
1,171.93,104.07,104.18,3.14,113.08,4.111990264316221
1,172.07,103.8,104.38,3.02,112.93,4.134003282968298
1,171.45,103.66,103.8,3.62,113.27,3.9935707444742228
1,171.83,104.14,104.06,3.02,112.36,4.140399295628816
1,171.8,103.26,102.82,2.95,113.22,4.094283922228682
1,171.92,103.83,103.76,3.23,113.29,4.074124317833803
1,171.85,103.7,103.96,3.0,113.36,4.125389988904317
1,172.56,103.72,103.51,3.12,112.95,4.0807278016275745
1,172.3,103.66,103.5,3.16,112.95,4.073633224172122
1,172.34,104.42,103.22,3.01,112.97,4.118972548264346
1,171.81,103.53,103.96,2.71,113.99,4.1803797756484595
1,172.01,103.97,104.05,2.98,113.65,4.13648423271524
1,171.8,103.68,103.49,3.3,112.84,4.0510684156013195
1,171.97,103.69,103.54,2.7,112.79,4.17837684921461
1,171.6,103.85,103.91,2.56,113.27,4.225551044765678
1,172.03,103.97,103.86,3.07,112.65,4.115868451385743
1,172.07,103.74,103.76,3.09,112.41,4.102841006858584
1,172.14,104.06,103.96,3.24,113.07,4.081843456012139
1,172.41,103.95,103.79,3.13,113.41,4.0927623754265925
1,171.96,103.84,103.62,3.01,114.44,4.112501923960315
1,171.62,104.14,104.49,2.99,113.35,4.157176225986944
1,172.02,104.21,104.05,2.9,113.62,4.160287873548792
1,171.37,104.07,103.75,3.07,113.27,4.121938081122542
1,171.81,103.68,103.8,2.98,113.82,4.123535550692246
1,171.92,103.68,103.45,2.58,113.68,4.198422709792333
1,172.09,103.74,103.52,3.02,112.78,4.109623127674716
1,171.63,103.87,104.66,3.27,112.68,4.096960246176755
1,172.02,104.23,103.72,2.99,113.37,4.133841006159539
0,171.57,104.27,104.44,3.21,111.87,5.259685153985029
0,171.4,104.38,104.19,3.17,112.39,5.2648169954882595
0,171.59,104.05,103.94,3.02,111.29,5.282518529875267
0,172.17,104.49,103.76,2.93,111.21,5.3020688690000695
0,172.08,104.15,104.17,3.4,112.29,5.200358433969496
0,171.72,104.46,104.12,3.61,110.31,5.17546779624572
0,172.66,104.33,104.41,3.56,111.47,5.173450452859022
0,171.9,104.28,104.29,3.24,111.49,5.246750547234732
